row_key,date,reactor_id,reactor_type,y_biogas_STP,ml_error_score,ml_error_q
2024-09-30|R1-FLEX|1990.949346,2024-09-30,R1-FLEX,FLEX,1990.9493458570944,1365.657420243514,1.0
2024-04-22|R3-FIXED DOME|1856.617892,2024-04-22,R3-FIXED DOME,FIXED_DOME,1856.6178915862988,1335.797985594204,0.9982547993019197
2024-05-28|R2-FLEX|1613.605048,2024-05-28,R2-FLEX,FLEX,1613.6050477489769,1281.3954848056696,0.9965095986038395
2024-05-28|R1-FLEX|1634.510595,2024-05-28,R1-FLEX,FLEX,1634.510595358224,1031.3596372257716,0.9947643979057592
2024-06-03|R3-FIXED DOME|81.547862,2024-06-03,R3-FIXED DOME,FIXED_DOME,81.5478615071283,1027.1628715523561,0.9930191972076788
2024-09-16|R3-FIXED DOME|1315.990691,2024-09-16,R3-FIXED DOME,FIXED_DOME,1315.9906914893618,993.5589292171105,0.9912739965095986
2024-09-09|R3-FIXED DOME|0.0,2024-09-09,R3-FIXED DOME,FIXED_DOME,0.0,982.3641995579424,0.9895287958115183
2024-09-23|R2-FLEX|1630.849563,2024-09-23,R2-FLEX,FLEX,1630.849563465413,971.9039299872532,0.987783595113438
2024-07-18|R2-FLEX|1304.92891,2024-07-18,R2-FLEX,FLEX,1304.9289099526068,956.9353806701826,0.9860383944153578
2024-05-13|R3-FIXED DOME|1833.130872,2024-05-13,R3-FIXED DOME,FIXED_DOME,1833.1308724832213,920.8726670303212,0.9842931937172775
2024-09-17|R1-FLEX|1334.706857,2024-09-17,R1-FLEX,FLEX,1334.706856575025,826.6441000151381,0.9825479930191972
2024-08-05|R4-FIXED DOME|1483.773896,2024-08-05,R4-FIXED DOME,FIXED_DOME,1483.7738958470668,826.3585709666606,0.9808027923211169
2024-09-02|R4-FIXED DOME|1412.779684,2024-09-02,R4-FIXED DOME,FIXED_DOME,1412.779684282773,812.9624049368415,0.9790575916230366
2024-09-16|R1-FLEX|1178.801859,2024-09-16,R1-FLEX,FLEX,1178.8018586126784,778.7051418648186,0.9773123909249564
2024-09-21|R2-FLEX|1110.322148,2024-09-21,R2-FLEX,FLEX,1110.3221476510066,749.1291049835427,0.9755671902268761
2024-05-08|R1-FLEX|0.0,2024-05-08,R1-FLEX,FLEX,0.0,727.7151145260323,0.9738219895287958
2024-10-11|R2-FLEX|1051.437864,2024-10-11,R2-FLEX,FLEX,1051.4378637452926,694.2647548308701,0.9720767888307156
2024-09-02|R4-FIXED DOME|262.322994,2024-09-02,R4-FIXED DOME,FIXED_DOME,262.3229939312205,693.3707720258724,0.9703315881326352
2024-10-12|R1-FLEX|1291.850354,2024-10-12,R1-FLEX,FLEX,1291.850353892821,680.3190912985178,0.9685863874345549
2024-08-06|R3-FIXED DOME|101.0,2024-08-06,R3-FIXED DOME,FIXED_DOME,101.0,679.4822134836372,0.9668411867364747
2024-09-02|R3-FIXED DOME|370.246584,2024-09-02,R3-FIXED DOME,FIXED_DOME,370.2465844718427,675.456419484471,0.9650959860383944
2024-09-09|R1-FLEX|0.0,2024-09-09,R1-FLEX,FLEX,0.0,675.1864984400672,0.9633507853403142
2024-07-18|R1-FLEX|1165.025853,2024-07-18,R1-FLEX,FLEX,1165.0258531540846,675.1787782121332,0.9616055846422339
2024-09-02|R3-FIXED DOME|1366.406733,2024-09-02,R3-FIXED DOME,FIXED_DOME,1366.4067330814153,664.8309503618102,0.9598603839441536
2024-04-29|R3-FIXED DOME|1759.616539,2024-04-29,R3-FIXED DOME,FIXED_DOME,1759.616538846282,662.1016346072645,0.9581151832460733
2024-07-29|R1-FLEX|1108.74276,2024-07-29,R1-FLEX,FLEX,1108.7427597955707,609.2147209496812,0.956369982547993
2024-05-06|R3-FIXED DOME|1690.97711,2024-05-06,R3-FIXED DOME,FIXED_DOME,1690.977109668603,605.5011604505466,0.9546247818499127
2024-09-30|R3-FIXED DOME|1387.75,2024-09-30,R3-FIXED DOME,FIXED_DOME,1387.75,595.8906408304172,0.9528795811518325
2024-06-10|R3-FIXED DOME|1558.28252,2024-06-10,R3-FIXED DOME,FIXED_DOME,1558.2825203252032,594.6666187198614,0.9511343804537522
2024-08-26|R4-FIXED DOME|1448.054314,2024-08-26,R4-FIXED DOME,FIXED_DOME,1448.0543141973187,589.3185931314239,0.9493891797556719
2024-09-24|R1-FLEX|189.544995,2024-09-24,R1-FLEX,FLEX,189.54499494438824,582.4850353864413,0.9476439790575916
2024-05-20|R1-FLEX|1189.107383,2024-05-20,R1-FLEX,FLEX,1189.1073825503356,580.4152335702743,0.9458987783595113
2024-07-08|R3-FIXED DOME|1513.61809,2024-07-08,R3-FIXED DOME,FIXED_DOME,1513.6180904522612,578.733258700014,0.944153577661431
2024-09-10|R3-FIXED DOME|0.0,2024-09-10,R3-FIXED DOME,FIXED_DOME,0.0,574.6897425966156,0.9424083769633508
2024-10-14|R3-FIXED DOME|1545.628141,2024-10-14,R3-FIXED DOME,FIXED_DOME,1545.6281407035176,561.5539737513527,0.9406631762652705
2024-09-20|R4-FIXED DOME|766.461072,2024-09-20,R4-FIXED DOME,FIXED_DOME,766.4610717896866,556.8020760640795,0.9389179755671903
2024-10-14|R1-FLEX|1346.504065,2024-10-14,R1-FLEX,FLEX,1346.5040650406504,554.1324576780386,0.93717277486911
2024-09-24|R2-FLEX|87.36,2024-09-24,R2-FLEX,FLEX,87.36,550.5407116703434,0.9354275741710296
2024-08-19|R4-FIXED DOME|1430.445205,2024-08-19,R4-FIXED DOME,FIXED_DOME,1430.445205479452,545.2334393831935,0.9336823734729494
2024-07-02|R3-FIXED DOME|253.336683,2024-07-02,R3-FIXED DOME,FIXED_DOME,253.33668341708545,537.2806173563334,0.9319371727748691
2024-07-31|R4-FIXED DOME|682.5,2024-07-31,R4-FIXED DOME,FIXED_DOME,682.4999999999999,535.0002967732246,0.9301919720767888
2024-08-12|R4-FIXED DOME|1523.960838,2024-08-12,R4-FIXED DOME,FIXED_DOME,1523.9608381999312,531.9890371131689,0.9284467713787086
2024-10-15|R1-FLEX|1173.696682,2024-10-15,R1-FLEX,FLEX,1173.696682464455,526.1978221771552,0.9267015706806283
2024-04-22|R2-FLEX|0.0,2024-04-22,R2-FLEX,FLEX,0.0,524.5934948914709,0.924956369982548
2024-06-24|R3-FIXED DOME|1513.023336,2024-06-24,R3-FIXED DOME,FIXED_DOME,1513.0233356211395,504.12786768766637,0.9232111692844677
2024-07-03|R4-FIXED DOME|610.730074,2024-07-03,R4-FIXED DOME,FIXED_DOME,610.73007367716,496.16095672511403,0.9214659685863874
2024-07-01|R3-FIXED DOME|1437.626194,2024-07-01,R3-FIXED DOME,FIXED_DOME,1437.6261937244203,495.7423859171541,0.9197207678883071
2024-05-16|R1-FLEX|786.423529,2024-05-16,R1-FLEX,FLEX,786.4235294117647,487.33920698628395,0.9179755671902269
2024-09-16|R2-FLEX|944.0,2024-09-16,R2-FLEX,FLEX,944.0,481.10613802261025,0.9162303664921466
2024-05-06|R1-FLEX|947.009569,2024-05-06,R1-FLEX,FLEX,947.0095693779904,479.9332499864218,0.9144851657940664
2024-06-17|R3-FIXED DOME|1486.48731,2024-06-17,R3-FIXED DOME,FIXED_DOME,1486.48730964467,477.12532513707623,0.912739965095986
2024-04-23|R4-FIXED DOME|79.53252,2024-04-23,R4-FIXED DOME,FIXED_DOME,79.53252032520325,474.92136025681725,0.9109947643979057
2024-10-07|R3-FIXED DOME|1463.191489,2024-10-07,R3-FIXED DOME,FIXED_DOME,1463.191489361702,468.68821460635576,0.9092495636998255
2024-07-22|R3-FIXED DOME|1471.728395,2024-07-22,R3-FIXED DOME,FIXED_DOME,1471.7283950617282,457.8340640025192,0.9075043630017452
2024-08-05|R3-FIXED DOME|1343.875535,2024-08-05,R3-FIXED DOME,FIXED_DOME,1343.8755350675008,449.38640525867606,0.9057591623036649
2024-05-08|R2-FLEX|0.0,2024-05-08,R2-FLEX,FLEX,0.0,444.8956309955379,0.9040139616055847
2024-08-12|R3-FIXED DOME|1370.158021,2024-08-12,R3-FIXED DOME,FIXED_DOME,1370.1580212985227,444.0749285663136,0.9022687609075044
2024-07-27|R1-FLEX|91.616949,2024-07-27,R1-FLEX,FLEX,91.61694915254238,442.13485057056675,0.900523560209424
2024-08-01|R4-FIXED DOME|772.923656,2024-08-01,R4-FIXED DOME,FIXED_DOME,772.9236562820951,430.6931863585726,0.8987783595113438
2024-09-03|R2-FLEX|911.874356,2024-09-03,R2-FLEX,FLEX,911.8743563336766,428.8158117005862,0.8970331588132635
2024-07-15|R3-FIXED DOME|1438.10037,2024-07-15,R3-FIXED DOME,FIXED_DOME,1438.1003704951163,426.5449368215647,0.8952879581151832
2024-10-05|R1-FLEX|158.528022,2024-10-05,R1-FLEX,FLEX,158.52802160702228,424.95248246005724,0.893542757417103
2024-05-25|R1-FLEX|230.561911,2024-05-25,R1-FLEX,FLEX,230.56191117092868,424.45207051104876,0.8917975567190227
2024-08-12|R2-FLEX|939.263485,2024-08-12,R2-FLEX,FLEX,939.2634854771784,422.24196556811444,0.8900523560209425
2024-05-11|R1-FLEX|220.671896,2024-05-11,R1-FLEX,FLEX,220.6718963165075,421.6365717892677,0.8883071553228621
2024-09-20|R2-FLEX|37.371663,2024-09-20,R2-FLEX,FLEX,37.37166324435319,418.85838906957827,0.8865619546247818
2024-06-01|R2-FLEX|1.834677,2024-06-01,R2-FLEX,FLEX,1.8346774193548383,417.8165627940381,0.8848167539267016
2024-10-07|R1-FLEX|183.227656,2024-10-07,R1-FLEX,FLEX,183.2276559865093,415.21722017893984,0.8830715532286213
2024-06-14|R2-FLEX|0.0,2024-06-14,R2-FLEX,FLEX,0.0,413.2592773679522,0.881326352530541
2024-09-30|R2-FLEX|927.705468,2024-09-30,R2-FLEX,FLEX,927.7054679637704,412.91954145976183,0.8795811518324608
2024-05-15|R2-FLEX|684.332215,2024-05-15,R2-FLEX,FLEX,684.3322147651006,412.06939316068497,0.8778359511343804
2024-05-21|R2-FLEX|10.077181,2024-05-21,R2-FLEX,FLEX,10.077181208053693,406.15991487866927,0.8760907504363001
2024-09-09|R2-FLEX|0.0,2024-09-09,R2-FLEX,FLEX,0.0,405.99681065409754,0.8743455497382199
2024-05-13|R1-FLEX|3.649733,2024-05-13,R1-FLEX,FLEX,3.649732620320856,400.7626279743025,0.8726003490401396
2024-10-10|R1-FLEX|943.957549,2024-10-10,R1-FLEX,FLEX,943.9575487846628,399.50182980850235,0.8708551483420593
2024-09-23|R4-FIXED DOME|60.234216,2024-09-23,R4-FIXED DOME,FIXED_DOME,60.23421588594704,397.8408568769621,0.8691099476439791
2024-08-26|R3-FIXED DOME|1358.904157,2024-08-26,R3-FIXED DOME,FIXED_DOME,1358.9041566472,396.16217723242926,0.8673647469458988
2024-04-25|R2-FLEX|575.613559,2024-04-25,R2-FLEX,FLEX,575.6135593220339,390.0947295651899,0.8656195462478184
2024-07-29|R3-FIXED DOME|1421.720027,2024-07-29,R3-FIXED DOME,FIXED_DOME,1421.7200272479563,388.74826137148847,0.8638743455497382
2024-06-15|R1-FLEX|180.70922,2024-06-15,R1-FLEX,FLEX,180.709219858156,380.80456988360623,0.8621291448516579
2024-06-03|R1-FLEX|1041.359191,2024-06-03,R1-FLEX,FLEX,1041.3591905564924,380.0220365151586,0.8603839441535777
2024-04-22|R1-FLEX|866.446029,2024-04-22,R1-FLEX,FLEX,866.4460285132383,377.71405574155784,0.8586387434554974
2024-09-17|R2-FLEX|867.112512,2024-09-17,R2-FLEX,FLEX,867.1125124460671,373.86129739018304,0.8568935427574171
2024-09-10|R1-FLEX|0.0,2024-09-10,R1-FLEX,FLEX,0.0,373.82858607586513,0.8551483420593369
2024-09-13|R3-FIXED DOME|0.0,2024-09-13,R3-FIXED DOME,FIXED_DOME,0.0,373.57911867988247,0.8534031413612565
2024-09-12|R1-FLEX|0.0,2024-09-12,R1-FLEX,FLEX,0.0,373.46637183494784,0.8516579406631762
2024-05-03|R4-FIXED DOME|501.168224,2024-05-03,R4-FIXED DOME,FIXED_DOME,501.1682242990654,373.18093960543933,0.849912739965096
2024-07-05|R1-FLEX|145.477234,2024-07-05,R1-FLEX,FLEX,145.47723440134905,372.1920834462416,0.8481675392670157
2024-06-03|R4-FIXED DOME|556.461843,2024-06-03,R4-FIXED DOME,FIXED_DOME,556.4618434093162,371.59912446068995,0.8464223385689355
2024-09-12|R3-FIXED DOME|0.0,2024-09-12,R3-FIXED DOME,FIXED_DOME,0.0,369.73980963616424,0.8446771378708552
2024-09-13|R4-FIXED DOME|576.403712,2024-09-13,R4-FIXED DOME,FIXED_DOME,576.4037122969838,366.2585962158101,0.8429319371727748
2024-09-11|R3-FIXED DOME|0.0,2024-09-11,R3-FIXED DOME,FIXED_DOME,0.0,353.6371812987352,0.8411867364746946
2024-06-11|R2-FLEX|758.125855,2024-06-11,R2-FLEX,FLEX,758.1258549931601,349.3912347537293,0.8394415357766143
2024-06-24|R1-FLEX|1015.466667,2024-06-24,R1-FLEX,FLEX,1015.4666666666668,348.68981211354895,0.837696335078534
2024-05-29|R2-FLEX|162.532795,2024-05-29,R2-FLEX,FLEX,162.53279515640767,347.8312105023349,0.8359511343804538
2024-09-18|R1-FLEX|313.78271,2024-09-18,R1-FLEX,FLEX,313.7827095064591,340.33698219457506,0.8342059336823735
2024-08-19|R3-FIXED DOME|1373.414384,2024-08-19,R3-FIXED DOME,FIXED_DOME,1373.4143835616435,339.8917135521359,0.8324607329842932
2024-06-17|R1-FLEX|974.61,2024-06-17,R1-FLEX,FLEX,974.61,339.6925552760286,0.8307155322862129
2024-07-13|R2-FLEX|62.484012,2024-07-13,R2-FLEX,FLEX,62.48401211713227,337.6685644663221,0.8289703315881326
2024-10-16|R2-FLEX|835.450237,2024-10-16,R2-FLEX,FLEX,835.4502369668247,336.479911620733,0.8272251308900523
2024-10-11|R4-FIXED DOME|29.603524,2024-10-11,R4-FIXED DOME,FIXED_DOME,29.60352422907489,335.7672400018381,0.8254799301919721
2024-08-03|R4-FIXED DOME|780.393013,2024-08-03,R4-FIXED DOME,FIXED_DOME,780.3930131004367,332.9055840003259,0.8237347294938918
2024-05-23|R1-FLEX|898.947368,2024-05-23,R1-FLEX,FLEX,898.9473684210527,331.14902977404773,0.8219895287958116
2024-08-07|R1-FLEX|256.479438,2024-08-07,R1-FLEX,FLEX,256.4794383149448,329.4866999043203,0.8202443280977313
2024-04-23|R2-FLEX|0.0,2024-04-23,R2-FLEX,FLEX,0.0,324.8572831489465,0.8184991273996509
2024-08-14|R2-FLEX|231.403569,2024-08-14,R2-FLEX,FLEX,231.4035689773508,321.4090193667898,0.8167539267015707
2024-09-14|R2-FLEX|650.0,2024-09-14,R2-FLEX,FLEX,650.0,317.61783661757096,0.8150087260034904
2024-09-13|R1-FLEX|0.0,2024-09-13,R1-FLEX,FLEX,0.0,316.7211934593475,0.8132635253054101
2024-04-24|R2-FLEX|0.0,2024-04-24,R2-FLEX,FLEX,0.0,303.2167922456031,0.8115183246073299
2024-07-23|R1-FLEX|877.201632,2024-07-23,R1-FLEX,FLEX,877.2016320979259,302.9041840629216,0.8097731239092496
2024-09-03|R1-FLEX|929.502247,2024-09-03,R1-FLEX,FLEX,929.502246802627,299.5765997983308,0.8080279232111692
2024-04-27|R2-FLEX|117.379913,2024-04-27,R2-FLEX,FLEX,117.37991266375546,298.6372518900624,0.806282722513089
2024-07-29|R2-FLEX|693.142373,2024-07-29,R2-FLEX,FLEX,693.1423728813559,297.70283656734057,0.8045375218150087
2024-07-01|R2-FLEX|717.379144,2024-07-01,R2-FLEX,FLEX,717.3791436464088,295.9890762130479,0.8027923211169284
2024-10-02|R1-FLEX|884.173623,2024-10-02,R1-FLEX,FLEX,884.1736227045076,295.6376053215749,0.8010471204188482
2024-06-15|R2-FLEX|0.0,2024-06-15,R2-FLEX,FLEX,0.0,288.0170737042306,0.7993019197207679
2024-06-01|R1-FLEX|361.323529,2024-06-01,R1-FLEX,FLEX,361.3235294117647,287.5300108201597,0.7975567190226877
2024-05-09|R2-FLEX|0.0,2024-05-09,R2-FLEX,FLEX,0.0,286.59158139046656,0.7958115183246073
2024-05-25|R2-FLEX|149.043744,2024-05-25,R2-FLEX,FLEX,149.04374364191253,284.0499637806313,0.794066317626527
2024-10-09|R1-FLEX|910.0,2024-10-09,R1-FLEX,FLEX,910.0,283.5292972411519,0.7923211169284468
2024-07-09|R2-FLEX|243.43949,2024-07-09,R2-FLEX,FLEX,243.43949044585983,282.3108522128546,0.7905759162303665
2024-09-25|R3-FIXED DOME|654.043062,2024-09-25,R3-FIXED DOME,FIXED_DOME,654.0430622009568,282.30535899742506,0.7888307155322862
2024-05-27|R2-FLEX|156.15747,2024-05-27,R2-FLEX,FLEX,156.15746971736206,279.1007901518311,0.787085514834206
2024-10-18|R2-FLEX|803.802817,2024-10-18,R2-FLEX,FLEX,803.8028169014085,277.1616364647165,0.7853403141361257
2024-09-05|R2-FLEX|251.913876,2024-09-05,R2-FLEX,FLEX,251.9138755980861,276.9797673977481,0.7835951134380453
2024-05-03|R4-FIXED DOME|27.520161,2024-05-03,R4-FIXED DOME,FIXED_DOME,27.520161290322577,276.6742905727171,0.7818499127399651
2024-09-19|R2-FLEX|273.090427,2024-09-19,R2-FLEX,FLEX,273.090427293806,274.8122860205785,0.7801047120418848
2024-06-04|R4-FIXED DOME|49.353867,2024-06-04,R4-FIXED DOME,FIXED_DOME,49.35386675594242,270.81489160389197,0.7783595113438045
2024-05-23|R2-FLEX|613.791946,2024-05-23,R2-FLEX,FLEX,613.7919463087248,267.09820080071574,0.7766143106457243
2024-09-15|R4-FIXED DOME|273.906977,2024-09-15,R4-FIXED DOME,FIXED_DOME,273.906976744186,266.98125689149487,0.774869109947644
2024-06-24|R2-FLEX|694.449022,2024-06-24,R2-FLEX,FLEX,694.4490216271885,266.82569336898393,0.7731239092495636
2024-06-29|R2-FLEX|131.054767,2024-06-29,R2-FLEX,FLEX,131.0547667342799,258.6026563671952,0.7713787085514834
2024-08-28|R1-FLEX|348.746198,2024-08-28,R1-FLEX,FLEX,348.7461980398783,256.8417936011818,0.7696335078534031
2024-08-02|R4-FIXED DOME|786.066367,2024-08-02,R4-FIXED DOME,FIXED_DOME,786.0663670929831,256.09464491787827,0.7678883071553229
2024-07-06|R1-FLEX|671.784983,2024-07-06,R1-FLEX,FLEX,671.7849829351536,254.96463135575084,0.7661431064572426
2024-07-23|R2-FLEX|189.30999,2024-07-23,R2-FLEX,FLEX,189.3099897013388,253.96972522784665,0.7643979057591623
2024-05-18|R1-FLEX|732.59596,2024-05-18,R1-FLEX,FLEX,732.5959595959596,253.56726846800825,0.7626527050610821
2024-09-21|R1-FLEX|790.214909,2024-09-21,R1-FLEX,FLEX,790.2149093351243,250.2238856017476,0.7609075043630017
2024-07-10|R2-FLEX|192.553408,2024-07-10,R2-FLEX,FLEX,192.5534079348932,247.06257662526363,0.7591623036649214
2024-09-17|R3-FIXED DOME|791.074239,2024-09-17,R3-FIXED DOME,FIXED_DOME,791.0742387957578,244.25834026741933,0.7574171029668412
2024-06-12|R2-FLEX|262.731278,2024-06-12,R2-FLEX,FLEX,262.73127753303964,244.1315375718927,0.7556719022687609
2024-09-25|R2-FLEX|335.844287,2024-09-25,R2-FLEX,FLEX,335.8442871587462,243.75939558269806,0.7539267015706806
2024-06-04|R2-FLEX|587.43339,2024-06-04,R2-FLEX,FLEX,587.433389544688,242.18891372564838,0.7521815008726004
2024-06-17|R2-FLEX|88.510638,2024-06-17,R2-FLEX,FLEX,88.51063829787233,241.9855161579105,0.7504363001745201
2024-09-17|R4-FIXED DOME|211.826087,2024-09-17,R4-FIXED DOME,FIXED_DOME,211.8260869565217,241.8924798145514,0.7486910994764397
2024-04-23|R3-FIXED DOME|911.849593,2024-04-23,R3-FIXED DOME,FIXED_DOME,911.849593495935,241.80563584419434,0.7469458987783595
2024-04-24|R1-FLEX|363.691525,2024-04-24,R1-FLEX,FLEX,363.6915254237288,236.4820209809821,0.7452006980802792
2024-10-14|R2-FLEX|866.754297,2024-10-14,R2-FLEX,FLEX,866.7542972699697,235.71848946873513,0.743455497382199
2024-05-15|R1-FLEX|75.070423,2024-05-15,R1-FLEX,FLEX,75.07042253521126,235.5966867391819,0.7417102966841187
2024-06-07|R2-FLEX|204.241706,2024-06-07,R2-FLEX,FLEX,204.24170616113747,234.71919744139072,0.7399650959860384
2024-05-01|R2-FLEX|145.843072,2024-05-01,R2-FLEX,FLEX,145.84307178631053,233.1647207101489,0.7382198952879581
2024-09-11|R2-FLEX|0.0,2024-09-11,R2-FLEX,FLEX,0.0,231.549483003356,0.7364746945898778
2024-09-10|R2-FLEX|0.0,2024-09-10,R2-FLEX,FLEX,0.0,231.3483751767798,0.7347294938917975
2024-09-25|R4-FIXED DOME|73.141326,2024-09-25,R4-FIXED DOME,FIXED_DOME,73.14132618888144,230.901362355131,0.7329842931937173
2024-06-10|R4-FIXED DOME|504.939024,2024-06-10,R4-FIXED DOME,FIXED_DOME,504.9390243902439,230.73350061648628,0.731239092495637
2024-07-03|R4-FIXED DOME|63.253862,2024-07-03,R4-FIXED DOME,FIXED_DOME,63.25386165211551,229.9225217341893,0.7294938917975567
2024-07-13|R4-FIXED DOME|39.901428,2024-07-13,R4-FIXED DOME,FIXED_DOME,39.90142760027192,229.90308448179246,0.7277486910994765
2024-06-17|R4-FIXED DOME|11.082544,2024-06-17,R4-FIXED DOME,FIXED_DOME,11.08254397834912,229.05992431460555,0.7260034904013961
2024-07-12|R2-FLEX|171.721339,2024-07-12,R2-FLEX,FLEX,171.7213391951302,229.0154425974035,0.7242582897033158
2024-07-20|R2-FLEX|286.92571,2024-07-20,R2-FLEX,FLEX,286.92571037315986,227.51963003674405,0.7225130890052356
2024-04-24|R4-FIXED DOME|71.963501,2024-04-24,R4-FIXED DOME,FIXED_DOME,71.96350118283203,223.5617722319294,0.7207678883071553
2024-07-12|R1-FLEX|300.474588,2024-07-12,R1-FLEX,FLEX,300.47458768091553,221.92788688933246,0.7190226876090751
2024-05-11|R2-FLEX|100.0,2024-05-11,R2-FLEX,FLEX,100.0,220.51972310870568,0.7172774869109948
2024-06-21|R2-FLEX|200.721754,2024-06-21,R2-FLEX,FLEX,200.7217537942664,219.82534950397286,0.7155322862129145
2024-09-27|R1-FLEX|713.066667,2024-09-27,R1-FLEX,FLEX,713.0666666666667,219.20914649624905,0.7137870855148342
2024-07-30|R4-FIXED DOME|0.0,2024-07-30,R4-FIXED DOME,FIXED_DOME,0.0,217.31903844628835,0.7120418848167539
2024-05-04|R4-FIXED DOME|27.743902,2024-05-04,R4-FIXED DOME,FIXED_DOME,27.74390243902439,217.17386696290163,0.7102966841186736
2024-10-03|R1-FLEX|439.676559,2024-10-03,R1-FLEX,FLEX,439.676558852951,217.16716568319464,0.7085514834205934
2024-10-09|R4-FIXED DOME|566.950522,2024-10-09,R4-FIXED DOME,FIXED_DOME,566.950521709862,214.38938929154526,0.7068062827225131
2024-07-02|R2-FLEX|229.962788,2024-07-02,R2-FLEX,FLEX,229.96278755074425,210.90973554782178,0.7050610820244329
2024-05-13|R2-FLEX|94.04161,2024-05-13,R2-FLEX,FLEX,94.04160982264666,209.9619077853959,0.7033158813263525
2024-09-16|R4-FIXED DOME|300.738967,2024-09-16,R4-FIXED DOME,FIXED_DOME,300.7389668149162,208.71962900188544,0.7015706806282722
2024-07-10|R1-FLEX|342.658184,2024-07-10,R1-FLEX,FLEX,342.6581843191197,205.242318306472,0.699825479930192
2024-07-26|R2-FLEX|210.0,2024-07-26,R2-FLEX,FLEX,210.0,205.11732413019774,0.6980802792321117
2024-08-26|R2-FLEX|690.051867,2024-08-26,R2-FLEX,FLEX,690.0518672199171,202.8302925409884,0.6963350785340314
2024-04-29|R4-FIXED DOME|35.49,2024-04-29,R4-FIXED DOME,FIXED_DOME,35.49,202.71826158327696,0.6945898778359512
2024-05-17|R1-FLEX|674.062813,2024-05-17,R1-FLEX,FLEX,674.0628132308719,202.6663535447484,0.6928446771378709
2024-07-08|R2-FLEX|751.307902,2024-07-08,R2-FLEX,FLEX,751.3079019073568,198.65437135450253,0.6910994764397905
2024-05-01|R1-FLEX|197.584098,2024-05-01,R1-FLEX,FLEX,197.5840978593272,197.72095830363799,0.6893542757417103
2024-08-02|R4-FIXED DOME|335.648241,2024-08-02,R4-FIXED DOME,FIXED_DOME,335.6482412060301,197.5798885669975,0.68760907504363
2024-10-01|R2-FLEX|337.930225,2024-10-01,R2-FLEX,FLEX,337.930224756793,196.84495345277662,0.6858638743455497
2024-10-01|R1-FLEX|394.78607,2024-10-01,R1-FLEX,FLEX,394.7860696517413,195.3933651775863,0.6841186736474695
2024-06-08|R1-FLEX|786.3286,2024-06-08,R1-FLEX,FLEX,786.3286004056795,195.01171960930236,0.6823734729493892
2024-10-10|R2-FLEX|248.012295,2024-10-10,R2-FLEX,FLEX,248.0122950819672,194.46689367023467,0.680628272251309
2024-06-24|R4-FIXED DOME|71.201098,2024-06-24,R4-FIXED DOME,FIXED_DOME,71.20109814687716,194.3997923912545,0.6788830715532286
2024-09-25|R1-FLEX|745.131579,2024-09-25,R1-FLEX,FLEX,745.1315789473684,192.79983129030416,0.6771378708551483
2024-04-30|R1-FLEX|267.986644,2024-04-30,R1-FLEX,FLEX,267.9866444073456,191.9915911983149,0.675392670157068
2024-10-04|R4-FIXED DOME|317.550462,2024-10-04,R4-FIXED DOME,FIXED_DOME,317.5504618542593,191.45785252551403,0.6736474694589878
2024-07-01|R4-FIXED DOME|57.298578,2024-07-01,R4-FIXED DOME,FIXED_DOME,57.29857819905214,191.32419938018785,0.6719022687609075
2024-09-13|R2-FLEX|469.0,2024-09-13,R2-FLEX,FLEX,469.0,189.94898231723326,0.6701570680628273
2024-05-29|R1-FLEX|474.742373,2024-05-29,R1-FLEX,FLEX,474.7423728813559,189.78954270109665,0.6684118673647469
2024-09-06|R2-FLEX|264.614334,2024-09-06,R2-FLEX,FLEX,264.6143344709898,187.59388546545088,0.6666666666666666
2024-07-29|R4-FIXED DOME|90.194142,2024-07-29,R4-FIXED DOME,FIXED_DOME,90.19414168937328,187.29858548863368,0.6649214659685864
2024-07-24|R4-FIXED DOME|104.569083,2024-07-24,R4-FIXED DOME,FIXED_DOME,104.56908344733245,187.27030224943042,0.6631762652705061
2024-04-27|R1-FLEX|346.563981,2024-04-27,R1-FLEX,FLEX,346.56398104265406,187.20004229261787,0.6614310645724258
2024-04-29|R1-FLEX|477.955229,2024-04-29,R1-FLEX,FLEX,477.9552288673571,187.1492668924971,0.6596858638743456
2024-08-09|R4-FIXED DOME|754.304933,2024-08-09,R4-FIXED DOME,FIXED_DOME,754.3049327354261,185.420868473803,0.6579406631762653
2024-05-06|R4-FIXED DOME|41.052632,2024-05-06,R4-FIXED DOME,FIXED_DOME,41.05263157894736,183.6411272402288,0.6561954624781849
2024-07-17|R1-FLEX|384.454976,2024-07-17,R1-FLEX,FLEX,384.4549763033176,183.4424782626068,0.6544502617801047
2024-05-13|R4-FIXED DOME|38.515284,2024-05-13,R4-FIXED DOME,FIXED_DOME,38.51528384279476,181.68024202292565,0.6527050610820244
2024-08-28|R2-FLEX|305.402456,2024-08-28,R2-FLEX,FLEX,305.4024556616644,181.55005367785486,0.6509598603839442
